train_loss,epoch,step
0.06841721385717392,0,49
0.03883548825979233,0,99
